Season_Collected,Site,Sample #,DATE_COLLECTED,Date_Processed,Processed by,Isopod,Idotea,Small Fish,Copepods,Crustacea,Crab,Mysids,Caprellid,Amphipods,Salps, Algae (mL),Bryozoan,Peramphithoe,Phragmatopoma californica,Worms and Flukes,Hydroids,Pelagic Red Crab,Tissue,Unknown,Misc.,Notes,No Contents,
SPRING,MOHK,1,4/13/2017,,Gordon,1,,,,3,,,,5,,,,,,,,,,,,,,
SPRING,MOHK,2,4/13/2017,,Gordon,1,,,,6,1,,,3,,<1,,,,,,,,1,,"UnId fiberbous with black ""hairs"" and a claw",,
SPRING,MOHK,3,4/13/2017,,Gordon,1,,1,,1,,,,,,,,,,,,,,1,,"Large unID ""tentacle?"" - possible prosobranch (look at tortion)",,
SPRING,MOHK,4,4/13/2017,,Gordon,,,,,,,,,,,,,,,,,,Present,,,Mostly empty some unID tissue,,
SPRING,MOHK,5,4/13/2017,,Gordon,,4,,,,,,1,2,,1,,,,,,,,1,,"Large idotea; Need to ID small ""vertebrate"" things.",,
SPRING,MOHK,6,4/13/2017,,Gordon,,,,,,,,,,,,,,,,,,Present,,,UnID tissue mostly empty almost too small to dissect!,,
SPRING,MOHK,7,4/13/2017,,Gordon,,,,,,,,,,,,,,,,,,,1,,Mostly empty some un ID,,
SPRING,MOHK,8,4/13/2017,,Gordon,,,,,,,,,2,,,,1,,,,,,,,,,
SPRING,MOHK,9,4/13/2017,,Gordon,,,,,,,,,17,,,,,,,,,,1,,Small bug eyed ceatures need help with ID,,
SPRING,NAPL,10,4/18/2017,,Gordon,,,,,,,,,,,,,,,,,,Present,,1 octopus,,,
SPRING,NAPL,11,4/18/2017,,Gordon,,,,,,,,366,,,,,,,,145,,,,,,,
SPRING,NAPL,12,4/18/2017,,Gordon,,,,,,,,,1,,17.5,,,,,,,,,,AL - bryo and hydro encrusted kelp,,
SPRING,NAPL,13,4/18/2017,,Gordon,,,,,,,,2,,,2.5,,,,,5,,,1,,large unid object help - possible compound tunicate,,
SPRING,NAPL,14,4/18/2017,,Gordon,,,,,,,,363,,,,,,,,230,,,,nudibranch + a small shell,Lots of egg sacks,,
SPRING,NAPL,15,4/18/2017,,Gordon,,,,,,,,3,,,,,,,,,,,,,,,
SPRING,NAPL,16,4/18/2017,,Gordon,,,,,,,,13,,,3,,,,,15,,,,,over 15 hydroids,,
SPRING,NAPL,17,4/18/2017,,Gordon,,,,,,,,91,1,,,,,,,7,,,,,includes intestines,,
SPRING,NAPL,18,4/18/2017,,Gordon,,,,,,,,1,,,0.5,,,,,30,,,,,includes intestines,,
SPRING,NAPL,19,4/18/2017,,Gordon,,,,,,,,,,,,1,,,21,,,Present,,,"includes intestines, 34 accidently typed, mystery (algae encrusted with bryozoans and hydriods)",,-34
SPRING,NAPL,20,4/18/2017,,Gordon,,,,,,,,,,,,,,,,,,Present,,,Mostly empty,,
SPRING,NAPL,21,4/18/2017,,Gordon,,,,,,,,26,1,,,,,,,4,,Present,,,"includes intestines, shells ",,
SPRING,NAPL,22,4/18/2017,,Gordon,,,,,,,,1,6,,1,,,,,56,,,,,,,
SPRING,NAPL,23,4/18/2017,,Gordon,,,,,,,,,,,,,,,,,,,,,,,
SPRING,NAPL,24,4/18/2017,,Gordon,,,,,,,,17,1,,,,,,,Present,,Present,,,lots of eggs,,
SPRING,NAPL,25,4/18/2017,,Gordon,,,,,,,,,,,2,,,,,,,,,,,,
SPRING,NAPL,26,4/18/2017,,Gordon,,,,,,,,,,,0.3,,,,,,,,,,,,
SPRING,NAPL,27,4/18/2017,,Gordon,,,,,,,,,,,1,,,,,,,,,,,,
SPRING,NAPL,28,4/18/2017,,Gordon,,,,,,,,,48,,,,,,,,,,,,,,
SPRING,MOHK,29,4/19/2017,,Gordon,,,,,,,,,,,1,,,,,,,,,,,,
SPRING,MOHK,30,4/19/2017,,Gordon,,,,,,,,,,,0.5,,,,,,,,,,,,
SPRING,MOHK,31,4/19/2017,,Gordon,,,,,,,,,,,0.4,,,,,,,,,,,,
SPRING,MOHK,32,4/19/2017,,Gordon,,,,,,,,,,,0.7,,,,,,,,,,,,
SPRING,MOHK,33,4/19/2017,,Gordon,,,,,,,,,,,,,,,,,,,,,,1,
SPRING,MOHK,34,4/19/2017,,Gordon,,,,,,,,,,,0.2,,,,,,,,,,,,
SPRING,MOHK,35,4/19/2017,,Gordon,,,,,,,,,,,,,,,,,,,,,,,
SPRING,MOHK,36,4/19/2017,,Gordon,,,,,,,,,,,0.2,,,,,,,,,,,,
SPRING,MOHK,37,4/19/2017,,Gordon,,2,,,,,,,,,,,,,,,,Present,1,,Possible beachhopper/ crab. (Idotea might be resecata),,
SPRING,MOHK,38,4/19/2017,,Gordon,,,,,,,,,,,0.1,,,,,,,,,,,,
SPRING,MOHK,39,4/19/2017,,Gordon,,,,,,,,,,,0.2,,,,,,,,,,,,
SPRING,MOHK,40,4/19/2017,,Gordon,,,,,,,,,9,,,,,,Present,,,Present,,,,,
SPRING,MOHK,41,4/19/2017,,Gordon,,,,,,,,,1,,,,,,,,,,,,mostly empty,,
SPRING,MOHK,42,4/19/2017,,Gordon,,2,,,,,3,,4,,,,1,,Present,,,Present,,,,,
SPRING,NAPL,43,5/4/2017,,Gordon,,,,,,,,217,,,,,,,,45,,,,,possible nudibranch in hydroid tubes,,
SPRING,NAPL,44,5/4/2017,,Gordon,,,,,,,1,,14,,,,,,1,,,,,,,,
SPRING,NAPL,45,5/4/2017,,Gordon,,,,,,,3,3,58,,,,4,,,,,,,,tube 45C(A) could be shrimp not amphipods,,
SPRING,NAPL,46,5/4/2017,,Gordon,,,,,,,,,11,,,,,,Present,,,,,,1 bivalve,,
SPRING,NAPL,47,5/4/2017,,Gordon,,,,,,,,,2,,,,,,,,,,,,almost completely empty,,
SPRING,NAPL,48,5/4/2017,,Gordon,,,,,,,,,70,,,,,,,,,,,,,,
SPRING,NAPL,49,5/4/2017,,Gordon,,,,,,,,,23,,,,,,,,,,,,,,
SPRING,NAPL,50,5/4/2017,,Gordon,,,,,,,,,,,,,,,,,,,,,,1,
SPRING,NAPL,51,5/4/2017,,Gordon,,,,,,,,3,1,,0.01,,,,,Present,,,,,bits of shell,,
SPRING,NAPL,52,5/4/2017,,Gordon,,,,,,,,13,4,,,,,,,,,,,,,,
SPRING,NAPL,53,5/4/2017,,Gordon,,,,,,,,,,,,,,,,,,Present,,,mostly empty,,
SPRING,NAPL,54,5/4/2017,,Gordon,,,,,,,,,,,0.03,,,,,2,,,,,,,
SPRING,NAPL,55,5/4/2017,,Gordon,,,,,,,,,16,,,,,,,,,,,,,,
SPRING,NAPL,56,3/6/2017,,Gordon,,,,,,,,,17,,,,,,,,,,,,,,
SPRING,NAPL,57,3/6/2017,,Gordon,,,,,,,,,,,,,,,,,,Present,,,,,
SPRING,NAPL,58,3/6/2017,,Gordon,,,,,,1,1,,16,,0.8,,,,Present,,,,1,,1 large (crab?),,
SPRING,NAPL,59,3/6/2017,,Gordon,,,,,,,,,2,,,,,,,,,Present,,,,,
SPRING,NAPL,60,3/6/2017,,Gordon,,,,,,,,,,,,,,,,,,,,,,1,
SPRING,NAPL,61,3/6/2017,,Gordon,,,,,,,3,,,,,,,,,,,,,,,,
SPRING,NAPL,62,3/6/2017,,Gordon,,,,,,,,,,,,,,,,,,,,,,1,
SPRING,NAPL,63,3/6/2017,,Gordon,,,,,,,,,,,,,,,,,,,1,,Fish eggs. lingcod?,,
SPRING,NAPL,64,3/6/2017,,Gordon,,,,,,,,,,,,,,,,,,,,,,,
SPRING,NAPL,65,3/6/2017,,Gordon,,,,,,,,,,,0.5,,,,,30,,Present,,,,,
SPRING,MOHK,66,5/17/2017,,Gordon,,,,,,, ,,,,,,,,,,,,,,,,
SPRING,MOHK,67,5/17/2017,,Gordon,3,,,,3,,2,,6,,,,,,,,,,,1 bivalve,,,
SPRING,MOHK,68,5/17/2017,,Gordon,,,,,,,,1,,,0.01,,,,,2,,,,,,,
SPRING,MOHK,69,5/17/2017,,Gordon,,,,,,,1,51,2,,,,,,,10,,,,,,,
SPRING,MOHK,70,5/17/2017,,Gordon,,,,,,,,,,,,,,,,,,,,,,1,
SPRING,MOHK,71,5/23/2017,,Gordon,1,,,,,,1,13,,,,,,,,4,,,,,,,
SPRING,MOHK,72,5/23/2017,,Gordon,,,,,,,2,,,,0.05,,,,,,,,,,,,
SPRING,MOHK,73,5/23/2017,,Gordon,1,,,,,1,1,,13,,,,,,,,,,1,1 prosobranch,Large unID sacks?,,
SPRING,MOHK,74,5/23/2017,,Gordon,,,,,,,,,2,,,,,,,,,,,,,,
MOHK,SUMMER,76,8/29/2017,9/14/2018,RC,,,,,,,,,,,,,,,,,,,,,,1,
MOHK,SUMMER,77,8/29/2017,9/19/2018,EG,,1,,,,,1,,1,,,,,,,,,Present,,,,,
MOHK,SUMMER,78,8/29/2017,9/14/2018,RC,1,,,,1,,,,,,,,,,,,,,,,Crustacea tissue,,
MOHK,SUMMER,79,8/29/2017,9/14/2018,RC,,,,,,,,,,,Present,1,,,,,,Present,,,,,
MOHK,SUMMER,80,8/29/2017,9/14/2018,RC,,,,,,,,,,,Present,,,,,,,,,,,,
MOHK,SUMMER,81,8/29/2017,9/14/2018,RC,,,9,,,,,,2,,,,,,,,,Present,,,"Sm fish only 1-3cm w/ tail elongation, maybe gobies?",,
MOHK,SUMMER,82,8/29/2017,9/14/2018,RC,,,,,,,,,,,,,,,,,,,,,,1,
MOHK,SUMMER,83,8/29/2017,9/14/2018,RC,,,,,,,,,,,,,,,,,,,,,,1,
MOHK,SUMMER,84,8/29/2017,9/14/2018,RC,,,,,,,,,,,Present,,,,,,,,,,,,
MOHK,SUMMER,85,8/29/2017,9/14/2018,RC,,,,,,,,,1,,Present,,,,,,,,,,,,
NAPL,SUMMER,86,8/13/2017,9/21/2018,EG,,,,,,,,,,,,,,,,,,,,,,1,
NAPL,SUMMER,87,8/13/2017,9/21/2018,EG,,,,,,,,,,,,,,,,,,,,,,1,
NAPL,SUMMER,88,8/13/2017,9/21/2018,EG,,,,,,,,,,,,,,,,,,,,,,1,
NAPL,SUMMER,89,8/13/2017,9/21/2018,EG,,,,,,,,,,,,,,,,,,,,,,1,
NAPL,SUMMER,90,8/13/2017,9/21/2018,EG,,,,,,,,,,,Present,,,,,,,,,,,,
NAPL,SUMMER,91,8/13/2017,9/21/2018,EG,,,,,,2,,,,,,,,,,,,,,,,,
NAPL,SUMMER,92,8/31/2017,9/27/2018,RC,,,,,,,,,,,,Present,,,,,,,,,~10mL Br,,
NAPL,SUMMER,93,8/13/2017,9/21/2018,EG,,,,,,,,,,,,,,,,,,,,,,1,
NAPL,SUMMER,94,8/31/2017,9/27/2018,RC,3,,,,,,,,7,,,,,,,,,Present,,Gastropod foot?nudibranch?,,,
NAPL,SUMMER,95,8/31/2017,9/27/2018,RC,,,,,,,,,,,,,,,,,,,,,,1,
NAPL,SUMMER,96,8/13/2017,9/21/2018,EG,,,,,,,,,,,Present,,,,,,,,,,,,
NAPL,SUMMER,97,8/31/2017,9/26/2018,EG,,,,,,,,,,,Present,,,,,,,,,,,,
NAPL,SUMMER,99,8/31/2017,9/27/2018,RC,2,,,,,,,,1,,,,,,,,,Present,,,,,
NAPL,SUMMER,100,8/31/2017,9/26/2018,EG,,,,,,,,,,,,,,,,,,Present,1,,,,
NAPL,SUMMER,101,8/31/2017,9/27/2018,RC,,,,,,,1,,34,,,,,,,,,,,1 octopus,,,
NAPL,SUMMER,102,8/31/2017,9/27/2018,RC,,,,,,,,,,,,Present,,,,,,,,,~20mL Br,,
NAPL,SUMMER,103,8/31/2017,9/26/2018,EG,4,,,,1,,1,,1,,,,,,,,,,1,,"Tissue - CR, AM, MY",,
NAPL,SUMMER,104,8/31/2017,9/27/2018,RC,,,,,,,,,,,Present,,,,,,,Present,,,Al/T mixed,,
NAPL,SUMMER,105,8/31/2017,9/27/2018,RC,,,,,,,,,,,Present,,,,,,,Present,,,,,
NAPL,SUMMER,106,8/31/2017,9/27/2018,RC,,,,,,,,,,,,,,,,,,Present,,,,,
NAPL,SUMMER,107,8/31/2017,9/27/2018,RC,,,,,,,,,,,,,,,,,,Present,,,Maybe Cr Tissue,,
NAPL,SUMMER,108,8/31/2017,9/27/2018,RC,,,,,,,,,,,,,,,,,,,,,,1,
NAPL,SUMMER,109,8/31/2017,9/28/2018,EG,,,,,,,,,,,Present,,,,,,,,,,,,
NAPL,SUMMER,110,8/31/2017,9/28/2018,EG,,,,,,,,,,,Present,1,,,,,,,,,,,
NAPL,SUMMER,111,8/31/2017,9/28/2018,EG,,,,,,,,,,,,,,,,,,,,,,1,
NAPL,SUMMER,112,8/31/2017,9/28/2018,EG,,,,,,,,,,,Present,,,,,,,,,,,,
NAPL,SUMMER,113,8/31/2017,9/28/2018,EG,,,,,,,,,,,Present,,,,,,,,,,,,
NAPL,SUMMER,114,8/31/2017,9/28/2018,EG,,,,,,,,,,,Present,,,,,,,,,,,,
NAPL,SUMMER,115,8/31/2017,9/28/2018,EG,,,,,,,4,1,,,,,50,,,,,,,,,,
FALL,NAPL,140,10/18/2017,,EG,,,,,,,,,,,Present,,,,,,,,,,,,
FALL,NAPL,141,10/18/2017,,EG,,,,,,,,,,,,,,,,,,Present,,,,,
FALL,NAPL,142,10/18/2017,,EG,,,,,,,,,,,,,,,,,,,,,,1,
FALL,NAPL,143,10/18/2017,,EG,,,,,,,,,,,Present,,,,,,,,,,,,
FALL,NAPL,144,10/18/2017,,EG,1,,,,,,,,,,,,,,,,,,,,,,
FALL,NAPL,145,10/18/2017,,EG,,,,,,,,,,,,1,,,,,,,,Pherusella brevituba,,,
FALL,NAPL,146,10/18/2017,,EG,,,,,,,,,,,,,,,,,,,,,,1,
FALL,NAPL,147,10/18/2017,,EG,,,,,,,,,,,,,,,,,,,,,,1,
FALL,NAPL,148,10/18/2017,,EG,,,,,,,,,,,,,,,,,,,,,,1,
FALL,NAPL,149,10/18/2017,,EG,,,,,,,,,,,,1,,,,,,,,Membranipora,,,
FALL,NAPL,151,10/18/2017,,EG,,,,,,,,,,,,,,,,,,,,,,1,
FALL,NAPL,152,10/18/2017,,EG,,,,,,,,,,,,,,,,,,,,,,1,
FALL,NAPL,153,10/18/2017,,EG,,,,,,,,,,,,,,,,,,Present,,brittle star,,,
FALL,NAPL,154,10/18/2017,,EG,,,,,,,,,,,Present,,,,,,,,,,,,
FALL,NAPL,155,10/18/2017,,EG,,,,,,,,,,,Present,,,,,,,,,,,,
FALL,NAPL ,156,10/18/2017,,JD,,,,,1,,,,,,,,,,,,,,,,Crustacea tissue,,
FALL,NAPL,157,10/18/2018,5/10/2018,JD,,,,,1,,,,2,,Present,1,,,,,,,,,Crustacea tissue,,
FALL,NAPL,158,10/18/2018,5/10/2018,JD,,,,,1,,,4,3,,Present,1,,,,,,,,,Crustacea tissue,,
FALL,NAPL,159,10/18/2018,5/10/2018,JD,,,,,1,,,,,,Present,,,,,,,,,,Crustacea tissue,,
FALL,NAPL,160,10/18/2017,,JD,,,,,1,,,,,,Present ,1,,,,,,,1,Sponge?,Crustacea tissue,,
FALL,NAPL,162,10/18/2017,,JD,,,,,1,,,,,,Present,,,,,,,,,,Crustacea tissue; some sediment present ,,
FALL,MOHK,163,10/27/2017,,EG,,,,,,,,,,,,,,,,,,Present,,,,,
FALL,MOHK,164,10/27/2017,,EG,2,,,,,,,,20,,,,,,,,,,,,,,
FALL,MOHK,165,10/27/2017,,RL,,,,,,,,,,,,1,,,,,,,,,, ,
FALL,MOHK,166,10/27/2017,4/20/2018,RC,2,,,,,,2,1,2,,,,,,,,,Present,,,,,
FALL,MOHK,167,10/27/2017,4/27/2018,RC,,,,,1,,,,,,,,,,,,,Present,,,,,
FALL,MOHK,168,10/27/2017,,JD,1,,1,,,,2,,1,,,,,,,,,Present,1,sea urchin spines present ,"U- Uknown, 3 small larvae?  ",,
FALL,MOHK,169,10/27/2017,4/20/2018,RC,,,,,,,,,1,,,,,,,,,Present,,,,,
FALL,MOHK,170,10/27/2017,,JD,,,,,,,,,,,Present,1,,,,,,,,,,,
FALL,MOHK,180,10/27/2017,,RL,2,,,,,,,,5,,,,,,1,,,Present,,,,,
FALL,MOHK,181,10/27/2017,4/27/2018,RC,,,1,,,,,,15,,,,,,,,,Present,,,,,
FALL,MOHK,183,10/27/2017,,JD,,,,,,,,,,,Present ,,,,,,,Present,,Might be tissue or algae?,"fish stomach empty, intestine full of broken down sediment/benthic substrate",,
FALL,MOHK,184,10/27/2017,,JD,,,,,1,,,,3,,Present ,1,,,,,,,,,Crustacea tissue,,
FALL,MOHK,185,10/27/2017,,RL,,,,,,,,,,,Present,,,,,,,,,,,,
FALL,MOHK,186,10/27/2017,,JD,,,,,,,,,,,Present ,1,,,,,,,,,,,
FALL,MOHK,187,10/27/2017,,JD,,,,,1,,,,18,,Present,,,,,,,,,,Crustacea tissue,,
FALL,MOHK,188,10/27/2017,,JD,,,,,1,,,,,,,,,,,,,,,,Crustacea tissue,,
FALL,MOHK,189,10/27/2017,,JD,,,,,1,,2,,1,,Present,,,,,5,,,,"1, brittle star Ophiothrix spp. ",,,
FALL,MOHK,190,10/27/2017,,JD,,,,,,,,,,,Present ,1,,,,,,,,,,,
FALL,MOHK,191,10/27/2017,,JD,,,,,,,,,,,Present,1,,,1,,,,,,,,
FALL,MOHK,192,10/27/2017,,JD,,,,,1,,,3,,,Present ,1,,,1,,,,,Hippodiplosia spp. ,Crustacea tissue,,
FALL,MOHK,193,10/27/2017,,JD,,22,,,,,,,,,Present ,,,,,,,,,"Sponge, orange in color ",,,
FALL,MOHK,194,10/27/2017,,JD,,,,,1,,,,,,Present ,,,,,,,,1,Sponge?,Crustacea tissue,,
FALL,MOHK,195,10/27/2017,,JD,,,,,,,,,,,Present ,,,,1,,,,,,,,
FALL,NAPL,196,11/16/2017,3/9/2018,EG,,,,,,,,,,,,,,,,,,,,,,1,
FALL,NAPL,197,11/16/2017,3/9/2018,EG,,,,,,,1,,,,,,,,,,,Present,,,,,
FALL,NAPL,198,11/16/2017,3/9/2018,EG,,,,,,,,,,,,,,,,,,,,,,1,
FALL,NAPL,199,11/16/2017,3/9/2018,EG,,,,,,,,,,,,,,,,,,,,,,1,
FALL,NAPL,200,11/16/2017,3/9/2018,EG,,,,,,,,,,,,,,,,,,,1,,CR or IS?,,
FALL,NAPL,201,11/16/2017,3/9/2018,EG,,,,,,,,,,,,,,,,,,,,,,1,
FALL,MOHK,202,11/20/2017,3/9/2018,EG,,,,,,,,,1,,,,,,,,,,,,,,
FALL,MOHK,203,11/20/2017,3/9/2018,EG,1,,,,,,,,,,,,,,,,,Present,1,,chordate?,,
FALL,MOHK,204,11/20/2017,3/9/2018,EG,,,,,,,,,,,,,,,,,,Present,,,,,
FALL,MOHK,205,11/20/2017,3/9/2018,EG,,,,,,,80,,,,,,,1,,,,,,,,,
FALL,MOHK,206,11/20/2017,3/9/2018,EG,1,,,,,1,1,,1,,,,,,,,,Present,,,,,
FALL,MOHK,207,11/20/2017,4/27/2018,RC,,,,,1,,2,,,,,,,,,,,Present,,,,,
WINTER,NAPL,208,2/6/2018,4/27/2018,RC,,,,,,,,,,,,,,,,,,,,,,1,
WINTER,NAPL,210,2/6/2018,5/25/2018,EG,,,,,,,,,,,,,,,,,,,,,,1,
WINTER,NAPL,211,2/6/2018,4/20/2018,RL,,,,,,,,,,,Present,,,,,,,,,,,,
WINTER,NAPL,212,2/6/2018,4/20/2018,RC,,,1,,,,,,,,Present,1,,,,,,Present,,"urchin spine, spinal chord of fish",,,
WINTER,NAPL,213,2/6/2018,4/25/2018,EG,,,,,,,,,,,Present,,,,,,,,,,Pherusella brevituba,,
WINTER,NAPL,214,2/6/2018,5/17/2018,JD,,,,,1,,,,,,Present,,,,,1,,,,,Crustacea tissue,,
WINTER,NAPL,215,2/6/2018,4/20/2018,RC,,,1,,1,1,,,,,Present,,,,,,,Present,1,,2 unidentified calcified spheres,,
WINTER,NAPL,216,2/6/2018,5/8/2018,JD,,,,,1,,,,,,,,,,,,,,,,"Crustacea tissue; Large stomach, empty. Intestines full of sediment and food items. ",,
WINTER,NAPL,217,2/6/2018,4/20/2018,RL,,,,,1,,,,,,,,,,,,,,,,"Crustacea tissue; Large stomach, empty. Intestines full of sediment and food items. ",,
WINTER,NAPL,218,2/6/2018,5/10/2018,JD,,,,,1,,,,,,,,,,,,,,,"sea urchin spine, 1. Crushed up molluscs/shells ",Crustacea tissue,,
WINTER,NAPL,219,2/6/2018,4/20/2018,RL,,,,,,,,,,,Present,,,,,,,,,,,,
WINTER,NAPL,220,2/6/2018,4/20/2018,RL,,,,,,,,,,,,,,,,,,Present,,,,,
WINTER,NAPL,221,2/6/2018,6/1/2018,EG,,,,,,,,,,,Present,,,,,,,,,,,,
WINTER,NAPL,222,2/6/2018,5/18/2018,RC,,,,,,,6,,,,,,,,,,,Present,,,,,
WINTER,NAPL,223,2/6/2018,5/10/2018,JD,,,,,1,,,,,,,,,,,4,,,,Crushed molluscs/shells ,Crustacea tissue,,
WINTER,NAPL,224,2/6/2018,5/17/2018,JD,,,,,1,,,4,9,,Present,,,,,,,,,Mollusc shells/sediments present,Crustacea tissue,,
WINTER,IVEE,225,2/12/2018,5/18/2018,RC,,,,,,,,,,,,,,,,,,,,,,1,
WINTER,IVEE,226,2/12/2018,5/25/2018,EG,,,,,3,,,,,,,,,,,,,,,,,,
WINTER,IVEE,227,2/12/2018,5/25/2018,EG,,,,,,,,,,,,,,,,,,Present,,,,,
WINTER,IVEE,228,2/12/2018,6/1/2018,EG,,,,,,,,,,,,,,,,,,,,,Parasites present on gut exterior,1,
WINTER,IVEE,229,2/12/2018,6/1/2018,EG,,,,,,,,,,,,,,,,,,,,,Parasites present on gut exterior,1,
WINTER,IVEE,230,2/12/2018,5/8/2018,JD,,,,,1,,,,,,Present,,,,6,,,,,,Crustacea tissue,,
WINTER,IVEE,231,2/12/2018,5/18/2018,RC,,,,,,,,,,,,,,,,,,Present,,,,,
WINTER,IVEE,232,2/12/2018,5/25/2018,RC,,,,,,,1,,,,Present,,,,,,,Present,1,"tunicate?, spines/bones/chaete?",,,
WINTER,IVEE,233,2/12/2018,5/25/2018,RC,,,,,1,,2,,1,,,,,,,,,Present,,,CR=claw,,
WINTER,IVEE,234,2/12/2018,5/25/2018,EG,1,1,,,,,,,,,,,,,,,,,1,,,,
WINTER,IVEE,235,2/12/2018,6/1/2018,EG,,,,,1,,,,,,,,,,,,,Present,,,Crustacea tissue,,
WINTER,IVEE,236,2/12/2018,4/18/2018,RL,,1,,,,,1,,1,,,,,,2,,,Present,,"Sponges: 2 different species present, bones possibly of fish,  amphipod tube phragmatopoma present, nongelatinus plastic that could be salps or crustacea ",,,
WINTER,IVEE,237,2/12/2018,6/1/2018,EG,,,,,,,,,,,,,,,,,,,,,,1,
WINTER,IVEE,238,2/12/2018,5/25/2018,RC,,,,,,,,,,,,,,,,,,,,,,1,
WINTER,IVEE,239,2/12/2018,5/18/2018,RC,1,,,,3,,,,,,,,,,,,,Present,,,,,
WINTER,IVEE,240,2/12/2018,5/25/2018,RC,,,,,,,,,,,,,,,,,,,,,,1,
WINTER,IVEE,241,2/12/2018,5/24/2018,JD,,,,,1,,,3,3,,Present,1,,,21,,,,,,"21-annelids; Crustacea tissue, Br- stalked bryozoans present, 26 stalks",,
WINTER,IVEE,242,2/12/2018,5/18/2018,RC,,,,,,,,,,,,,,,,,,Present,,,very small stomach,,
WINTER,AQUE,243,2/15/2018,5/25/2018,EG,,,,,,,,,,,,,,,,,,Present,,Tissue = scales,,,
WINTER,AQUE,244,2/15/2018,6/1/2018,EG,,,,,,,,,,,,,,,,,,,,,,1,
WINTER,AQUE,245,2/15/2018,6/1/2018,EG,,,,,,,,,,,,,,,,,,,,,,1,
WINTER,AQUE,246,2/15/2018,5/29/2018,EG,,,,,,,,,,,Present,,,,,,,Present,,,,,
WINTER,AQUE,247,2/15/2018,5/30/2018,EG,,,,,,,,,,,,,,,,,,,,,,1,
WINTER,AQUE,248,2/15/2018,5/30/2018,EG,,,,,,,3,,2,,,,1,,,,,Present,,,,,
WINTER,AQUE,249,2/15/2018,6/6/2018,EG,1,,,,,,3,,2,,,,,,,,,Present,,,,,
WINTER,AQUE,250,2/15/2018,5/29/2018,JD,,,,,,,,,,,Present,1,,,1,,,Present,1,possibly annelid,,,
WINTER,MOHK,252,2/16/2018,6/1/2018,EG,,,,,,,,,,,,,,,,,,,,,,1,
WINTER,MOHK,253,2/16/2018,5/24/2018,LS,3,,,,1,,,,,,Present ,1,,,,,,,,,Crustacea tissue,,
WINTER,MOHK,254,2/16/2018,6/5/2018,JD,,,,,,,,1,,,Present,1,,,,27,,Present,,,"Br- stalked Bryozoans, 3 ",,
WINTER,MOHK,255,2/16/2018,5/31/2018,JD,,,,,,,,,,,Present,,,,,16,,Present,,,,,
WINTER,MOHK,256,2/16/2018,6/1/2018,EG,,,,,,,2,,,,,,,,,,,Present,1,,,,
WINTER,MOHK,257,2/16/2018,5/25/2018,RC,,,,,1,,10,,10,,,,,,,,,,,,Crustacea tissue,,
WINTER,MOHK,258,2/16/2018,5/25/2018,EG,,,,,,,,,,,,,,,,,,,,,,1,
WINTER,MOHK,259,2/16/2018,6/1/2018,EG,1,,,,,,,,,,,,,,,,,,,,Isopod tissue,,
WINTER,MOHK,260,2/16/2018,5/18/2018,RC,,,,,,,,,,,,,,,,,,Present,,,,,
WINTER,MOHK,261,2/16/2018,5/25/2018,EG,,,1,,,,,,,,Present,,,,,,,,,,Small fish = larvae?,,
WINTER,MOHK,262,2/16/2018,5/31/2018,JD,,,,,,,,,,,Present,,,,,,,,,,,,
WINTER,MOHK,263,2/16/2018,5/31/2018,JD,,,,,1,,,,,,Present,,,,,,,,,,Crustacea tissue,,
WINTER,MOHK,264,2/16/2018,5/25/2018,EG,,,,,,,,,,,Present,,,,,,,,1,,,,
WINTER,MOHK,265,2/16/2018,6/5/2018,JD,,,,,1,,,,,,Present ,1,,,,,,Present,,,Crustacea tissue,,
WINTER,MOHK,266,2/16/2018,5/31/2018,JD,,,,,,,,,,,Present,1,,,,2,,,,,"Br- stalked Bryozoans, 15",,
WINTER,MOHK,267,2/16/2018,5/31/2018,JD,,,,,,,,,,,Present,,,1,,,,,,,,,
WINTER,MOHK,268,2/16/2018,6/5/2018,JD,,,,,,,,,,,Present,,,,1,,,,,,,,
WINTER,MOHK,269,2/16/2018,5/25/2018,RC,,,,,,,,,,,,,,,,,,,,,,1,
WINTER,NAPL,270,2/21/2018,7/12/2018,RC,,,,,1,,1,,1,,,,,,,,,,,,Crustacea tissue,,
WINTER,NAPL,271,2/21/2018,7/5/2018,RC,,,,,1,,,,,,,,,,,,,,,,Crustacea tissue,,
WINTER,NAPL,272,2/21/2018,7/5/2018,RC,,,,,,,4,,,,,1,,,,,,Present,,,,,
NAPL,WINTER,273,2/21/2018,7/5/2018,EG,1,,,,,,18,,2,,,,,,1,,,Present,,,,,
WINTER,MOHK,274,2/22/2018,7/12/2018,RC,,,,,,,,,,,,,,,,,,,,"Purple in intestines, urchin?",,1,
WINTER,MOHK,275,2/22/2018,7/12/2018,RC,,,,,,,,,,,,,,,,,,,,,,1,
WINTER,MOHK,276,2/22/2018,7/12/2018,LS,,,,,1,,1,1,1,,,,,,,,,,,,Crustacea tissue,,
WINTER,MOHK,277,2/22/2018,7/12/2018,RC,,,,,1,,,,,,,,,,,,,,,,Crustacea tissue,,
WINTER,AQUE,278,2/28/2018,7/12/2018,RC,1,,,,,,,,3,,Present,,,,,Present,,,,,,,
WINTER,AQUE,279,2/28/2018,7/12/2018,RC,,,,,,,,,,,,,,,,Present,,,,,,,
WINTER,AQUE,280,2/28/2018,7/12/2018,RC,,,,,,,,,,,Present,,,,,Present,,,,,,,
AQUE,WINTER,281,2/28/2018,7/5/2018,EG,,,1,,,,,,,,,,,,,,,,,,,,
WINTER,AQUE,282,2/28/2018,7/12/2018,RC,2,,,,,,,,3,,,,,,,,,,,,,,
AQUE,WINTER,283,2/28/2018,7/5/2018,EG,,,,,,,,,,,,,,,,,,,,,,1,
WINTER,AQUE,284,2/28/2018,7/12/2018,LS,1,,,,1,,2,,,,Present,,,,,,,,,,Crustacea tissue,,
WINTER,AQUE,285,2/28/2018,7/12/2018,RC,,,,,1,,,1,9,,,,2,,,,,,,,Crustacea tissue,,
WINTER,AQUE,286,2/28/2018,7/12/2018,RC,,,,,,,,,,,,1,,,,,,,,,,,
AQUE,WINTER,287,2/28/2018,8/9/2018,EG,,,,,,,,,,,,,,,,,,,,,,1,
AQUE,WINTER,288,2/28/2018,8/9/2018,EG,,,,,,,,,,,,,,,,,,,,, gut not intact,1,
AQUE,WINTER,289,2/28/2018,8/9/2018,EG,,,,,,,,,,,Present,,,,,,,,,,,,
AQUE,WINTER,290,2/28/2018,7/5/2018,EG,,,,,,,,,,,,,,,,,,,,,,1,
WINTER,AQUE,291,2/28/2018,7/12/2018,LS,,,,,,,,,,,,,,,,5,,Present,,,,,
WINTER,MOHK,292,3/7/2018,6/1/2018,EG,,,,,,,,1,1,,,,,,,,,Present,,brittle stars,,,
WINTER,MOHK,293,3/7/2018,6/6/2018,EG,,,,,,,,,,,,,,,,,,Present,,,,,
WINTER,MOHK,294,3/7/2018,6/6/2018,EG,,,,,1,,,,1,,,,,,,,,Present,,,,,
WINTER,MOHK,295,3/7/2018,6/6/2018,EG,,,,,1,,,,,,,,,,,,,,,,,,
WINTER,MOHK,296,3/7/2018,6/6/2018,EG,,,,,,,,,,,,,,,,,,Present,,,,,
WINTER,MOHK,297,3/7/2018,6/6/2018,EG,,,,,,,2,,,,,,,,,,,Present,,,,,
SPRING,AQUE,298,4/24/2018,6/21/2018,RC,,,,,1,,13,,6,,,,,,,,1,,,,Crustacea tissue,,
SPRING,AQUE,299,4/24/2018,6/21/2018,EG,,,,,,,,,,,,,,,,,1,,,,,,
SPRING,AQUE,300,4/24/2018,6/21/2018,RC,,,,,,,1,,,,,,,,,,1,,,,,,
SPRING,AQUE,301,4/24/2018,6/21/2018,EG,,,,,,,,,,,Present,,,,,,,Present,,,,,
SPRING,AQUE,302,4/24/2018,6/21/2018,EG,,,,,,,,,,,Present,,,,,,,,,,,,
SPRING,AQUE,303,4/24/2018,6/21/2018,EG,,,,,,,,,,,,,,,,,,,,,,1,
SPRING,AQUE,304,4/24/2018,6/21/2018,RC,,,,,,,,,,,,,,,,,1,,,,,,
SPRING,AQUE,305,4/24/2018,6/21/2018,EG,,,,,,,,,,,,,,,,,,,,,,1,
SPRING,AQUE,306,4/24/2018,7/5/2018,RC,,,,,,,,,,,,,,,,,,,,,,1,
SPRING,AQUE,307,4/24/2018,7/5/2018,RC,,,,,,,,,,,,1,,,,,,,,,,,
SPRING,AQUE,308,4/24/2018,7/5/2018,RC,,,,,,,,,,,,1,,,,,,,,,,,
SPRING,NAPL,309,4/24/2018,6/28/2018,RC,,,,,1,,,,,,Present,1,,,,Present,,,,,Crustacea tissue; Dead macrocystis w/ Br and H,,
SPRING,NAPL,310,4/24/2018,6/28/2018,LS,,,,,,,,,,,,,,,,,1,,,,,,
SPRING,NAPL,311,4/24/2018,6/28/2018,EG,,,,,,1,,,,,Present,,,,,Present,,,,,Crab leg,,
SPRING,NAPL,312,4/24/2018,6/28/2018,LS,,,,,,,,,,,,,,,,,1,,,,,,
SPRING,NAPL,313,4/24/2018,6/28/2018,LS,,,,,,,,,,,,,,,,,1,,,,,,
SPRING,NAPL,314,4/24/2018,6/28/2018,RC,,,,,,,,,,,,,,,,,2,,,,,,
SPRING,NAPL,315,4/24/2018,6/28/2018,LS,,,,,,,,,,,,,,,,,2,,,,,,
SPRING,NAPL,316,4/25/2018,5/30/2018,EG,,,,,,,,,,,,,,,,,,,1,,Crab?,,
SPRING,NAPL,317,4/25/2018,5/30/2018,EG,,,,,1,,,,,,,,,,,,,,,,,,
SPRING,NAPL,319,4/25/2018,6/6/2018,EG,,,,,,,1,2,,,Present,,,,,,,Present,,,,,
SPRING,NAPL,320,4/25/2018,6/6/2018,EG,,,,,,,,,,,Present,,,,,,,,,,,,
SPRING,NAPL,321,4/25/2018,6/7/2018,JD,,,,,1,,,13,2,,,,,,,,,Present,,,Crustacea tissue,,
SPRING,NAPL,322,4/25/2018,6/7/2018,JD,,,,,,,,,,,Present ,,,,,Present ,,,,,"Hydroids present and attached to algae/tissue, hydroids too prevalent to count",,
SPRING,NAPL,323,4/25/2018,5/30/2018,EG,,,,,1,1,,,,,,,,,,,,,,,,,
SPRING,NAPL,324,4/25/2018,6/8/2018,RC,,,,,1,,1,,,,,,,,,,,Present,1,,Crustacea tissue; uknown tissue w/ full gut (gastropod foot?),,
SPRING,NAPL,325,4/25/2018,5/29/2018,MW,,,,,,,,,,,,,,,,,4,Present,,,,,
SPRING,IVEE,326,4/25/2018,6/12/2018,EG,,,,,,,,,,,,,,,,,,Present,,,,,
SPRING,IVEE,327,4/25/2018,6/8/2018,RC,,,,,,,,1,2,,,,,,,11,,,,,,,
SPRING,IVEE,328,4/25/2018,6/12/2018,EG,,,,,3,,,,,,Present,,,,,,,Present,,,,,
SPRING,IVEE,329,4/25/2018,6/12/2018,EG,,,,,,,,,,,Present,,,,,,,Present,,,,,
SPRING,IVEE,330,4/25/2018,5/30/2018,EG,2,4,,,5,,,,5,,,,,,,,,Present,,,CR-Shrimp,,
SPRING,IVEE,331,4/25/2018,6/1/2018,EG,,,2,,3,,,,,,,,,,,,,,,,"F-vertebrae, CR-shrimp",,
SPRING,IVEE,332,4/25/2018,6/12/2018,EG,,,,,,,,,,,Present,,,,,,,Present,,,,,
SPRING,IVEE,333,4/25/2018,6/12/2018,EG,,,,,,,,,,,,,,,,,,Present,,,,,
SPRING,IVEE,334,4/25/2018,6/12/2018,EG,,,1,,,,,,,,Present,,,,,,,,,,,,
SPRING,IVEE,335,4/25/2018,6/18/2018,EG,,,,,,,,,,,,,,,,,,,,,,1,
SPRING,IVEE,336,4/25/2018,6/18/2018,EG,,,,,,,,,,,,,,,,,,,,,,1,
SPRING,IVEE,337,4/25/2018,6/18/2018,EG,,,,,,,,,,,Present,,,,,,,,,Fish scale,,,
SPRING,IVEE,338,4/25/2018,6/18/2018,EG,,,,,,,,,,,Present,,,,,,,,,,,,
SPRING,IVEE,339,4/25/2018,6/6/2018,EG,,,,,,,,,,,,,,,,,,Present,,,,,
SPRING,IVEE,340,4/25/2018,6/18/2018,EG,,,,,,,,,,,,,,,,,,,,,,1,
SPRING,IVEE,341,4/25/2018,6/18/2018,EG,,,,,,,,,,,Present,,,,,,,,,,,,
SPRING,IVEE,342,4/25/2018,6/18/2018,EG,,,,,,,,,,,,,,,,,,,,,gut not intact,1,
SPRING,IVEE,343,4/25/2018,6/18/2018,EG,,,,,,,,,,,,,,,,,,,,,gut not intact,1,
SPRING,AQUE,344,5/2/2018,6/28/2018,EG,,,,,,,,,,,,,,,,,,,,,,1,
SPRING,AQUE,345,5/2/2018,4/18/2018,RL,,,,,,,,3,3,,Present,,,,,,,Present,1,,"Unknown: chain linked, translucent silica; Algae: filamentous red (6 branches) ",,
SPRING,AQUE,346,5/2/2018,7/5/2018,RC,,,,,,,7,,3,,,,,,,Present,,,,,Eggs/larvae present,,
SPRING,AQUE,347,5/2/2018,6/28/2018,EG,,,,,,,,,,,,,,,,,,,,,hundreds of fish eggs/larvae,1,
SPRING,AQUE,348,5/2/2018,4/18/2018,RL,,,,,1,,1,,,,Present,,,,,,,,,,Crustacea tissue; Algae: filamentous red (6 branches) ,,
SPRING,AQUE,349,5/2/2018,6/28/2018,RC,,,1,,,,,,,,,,,,,,,,,,,,
SPRING,AQUE,350,5/2/2018,6/28/2018,EG,,,,,,,,,,,,,,,,,,,,,,1,
SPRING,AQUE,351,5/2/2018,6/28/2018,EG,,,,,,,,,,,,,,,,,,Present,,,,,
AQUE,SPRING,352,5/2/2018,7/5/2018,EG,2,,,,,,,2,,,,,14,,,Present,,,,,,,
SPRING,AQUE,353,5/2/2018,6/28/2018,RC,,,,,,,,,,,,,,,,,,,,,,1,
SPRING,NAPL,354,5/2/2018,7/5/2018,RC,,,,,,,,,,,,,,,,,,,,,,1,
SPRING,NAPL,355,5/2/2018,7/5/2018,RC,,,,,,,,,,,,,,,,,,,,,,1,
MOHK,SPRING,356,5/4/2018,7/5/2018,EG,,,,,,,,,,,,,,,,,,,,,,1,
SPRING,MOHK,357,5/4/2018,7/5/2018,RC,1,,,,1,,3,,,,,,,,,,,,,,Crustacea tissue,,
MOHK,SPRING,358,5/4/2018,7/5/2018,EG,,,,,,,,,,,,,,,,,,Present,,,Mysid tissue present,,
SPRING,MOHK,359,5/4/2018,7/5/2018,RC,,,,,,,,,,,,,,,,,,,,,,1,
SPRING,MOHK,360,5/4/2018,7/5/2018,RC,,,,,,,,,25,,Present,,,,,Present,,,,,,,
SPRING,MOHK,361,5/4/2018,6/28/2018,LS,,,,,,,,,,,,,,,,,,Present,,,,,
MOHK,SPRING,362,5/4/2018,7/5/2018,EG,,,,,,,,,,,Present,,,,,,,,,,,,
SPRING,MOHK,363,5/4/2018,7/5/2018,RC,,,,,,,,,,,Present,,,,,,,,,,,,
MOHK,SPRING,366,5/4/2018,7/5/2018,EG,,,,,,,,,,,Present,,,,,,,,,,,,
MOHK,SPRING,368,5/4/2018,8/9/2018,EG,,,,,,,,,,,Present,,,,,,,,,,,,
MOHK,SPRING,369,5/4/2018,7/5/2018,EG,,,,,,,,,,,,,,,,,,,,,,1,
MOHK,SPRING,370,5/4/2018,8/9/2018,EG,,,,,,,,,,,,,,,,,,,, ,gut not intact,1,
SPRING,NAPL,371,5/11/2018,6/28/2018,LS,,,,,,,,8,2,,,,,,,,,Present,,,,,
NAPL,SPRING,372,5/11/2018,8/9/2018,EG,,,,,,,,,,,,,,,,,,,,,,1,
SPRING,NAPL,373,5/11/2018,6/28/2018,EG,,,,,,,,,,,,,,,,,,Present,,,,,
SPRING,NAPL,374,5/11/2018,6/28/2018,EG,,,,,,,,,,,,,,,,,,,,,,1,
SPRING,NAPL,375,5/11/2018,6/28/2018,EG,,,,,,,,,,,Present,,,,,,,,,,,,
SPRING,NAPL,376,5/11/2018,6/28/2018,LS,,,,,1,,,,,,,,,,,,,,,1 Shrimp,Crustacea tissue; Shrimp possibly Panaeus californicus,,
SPRING,MOHK,377,5/15/2018,6/28/2018,LS,,,,,,,,,,,,,,,,Present,,,,,,,
SPRING,MOHK,378,5/15/2018,6/28/2018,EG,,,,,,,,,,,Present,,,,,,,,,,,,
SPRING,MOHK,379,5/15/2018,6/28/2018,RC,1,,,,1,,5,4,,,,,,,,,,,,,Crustacea tissue,,
IVEE,SUMMER,380,8/9/2018,8/24/2018,RC,1,17,,,1,,,,,,,,1,,,,,,,,Crustacea tissue,,
IVEE,SUMMER,381,8/9/2018,8/23/2018,EG,,,,,,,,,,,,,,,,,,Present,,,,,
IVEE,SUMMER,382,8/9/2018,8/23/2018,EG,,,,,,,,,,,,,,,,,,Present,,,,,
IVEE,SUMMER,383,8/9/2018,8/23/2018,EG,,,,,,,,,,,,,,,,,,,,,,1,
IVEE,SUMMER,384,8/9/2018,8/23/2018,EG,,,,,,,,,,,,,,,,,,Present,,,,,
IVEE,SUMMER,385,8/9/2018,8/23/2018,EG,,,,,,,,,,,,,,,,,,,,,,1,
IVEE,SUMMER,386,8/9/2018,8/23/2018,EG,,,,,,,,,,,Present,,,,,,,,,,,,
IVEE,SUMMER,387,8/9/2018,8/23/2018,EG,,,,,,,,,,,,,,,,,,,,,,1,
IVEE,SUMMER,388,8/9/2018,8/23/2018,EG,,,,,,,,,,,,,,,,,,,,,,1,
IVEE,SUMMER,389,8/9/2018,8/23/2018,EG,,7,,,,,,,1,,,,,,,,,,,,,,
IVEE,SUMMER,390,8/9/2018,8/23/2018,EG,,,,,,,,,,,Present,,,,,,,,,,,,
IVEE,SUMMER,391,8/9/2018,8/23/2018,EG,,,,,,,,,,,,,,,,,,,,,,1,
IVEE,SUMMER,392,8/9/2018,8/24/2018,RC,,,,,1,,,,4,,Present,,,,,,,,,,Crustacea tissue,,
IVEE,SUMMER,393,8/9/2018,8/24/2018,RC,,,,,,,,,,,,,,,,,,,,,,1,
IVEE,SUMMER,394,8/9/2018,8/24/2018,RC,,,,,,,,,,,Present,,,,,,,,,,,,
NAPL,SUMMER,395,8/13/2018,8/24/2018,RC,,,,,,,,7,4,,,,3,,,,,,,,,,
NAPL,SUMMER,396,8/13/2018,8/24/2018,RC,,,,,,,,,,,,,,,,,,,,,,1,
NAPL,SUMMER,397,8/13/2018,8/24/2018,RC,,,,,,,4,,3,,,,,,,,,Present,,,,,
NAPL,SUMMER,398,8/13/2018,8/24/2018,RC,,,,,,,,1,,,,,,,,,,,,,,,
NAPL,SUMMER,399,8/13/2018,8/24/2018,RC,,,,,,,,,,,Present,,,,,Present,,,,,"No stomach present, content of intestines",,
NAPL,SUMMER,400,8/13/2018,8/29/2018,EG,,,,,,,,,10,,,,,,,Present,,Present,,,,,
NAPL,SUMMER,401,8/13/2018,8/29/2018,EG,,,,,,,,,,,,,,,,,,,,,,1,
NAPL,SUMMER,402,8/13/2018,8/29/2018,EG,,,,,,,,,6,,,,3,,,,,Present,,,,,
NAPL,SUMMER,403,8/13/2018,8/29/2018,EG,,,,,,,,,,,,,,,,,,,,,,1,
NAPL,SUMMER,404,8/13/2018,8/29/2018,EG,,,,,,,,,,,Present,,,,,,,,,,,,
NAPL,SUMMER,405,8/13/2018,8/29/2018,EG,,,,,,,,,,,,,,,,,,,,,,1,
MOHK,SUMMER,406,8/15/2018,8/29/2018,EG,,1,,,,,2,,,,,,,,,,,Present,,,Mysid tissue,,
MOHK,SUMMER,407,8/15/2018,8/29/2018,EG,,,,,,,,,,,,,,,,,,Present,,,,,
MOHK,SUMMER,408,8/15/2018,8/29/2018,EG,,,,,,,,,,,,,,,,,,Present,,,,,
MOHK,SUMMER,409,8/15/2018,8/29/2018,EG,,,,,,,2,,,,,,,,,,,Present,,,,,
MOHK,SUMMER,410,8/15/2018,8/30/2018,EG,1,,,,,,,,,,,,,,,,,Present,,,,,
MOHK,SUMMER,411,8/9/2018,8/24/2018,RC,,,,,,,,2,,,,,,,,,,Present,,,,,
MOHK,SUMMER,412,8/15/2018,8/30/2018,EG,,,,,,,,,,,,,,,,,,,,,,1,
MOHK,SUMMER,413,8/15/2018,8/30/2018,EG,,,,,,,,,,,,,,,,,,,,,,1,
MOHK,SUMMER,414,8/15/2018,8/30/2018,EG,,,,,,,,,,,,,,,,,,,,,,1,
MOHK,SUMMER,415,8/15/2018,9/7/2018,EG,,,,,,,,,,,,,,,,,,,,,gut not intact,1,
MOHK,SUMMER,416,8/15/2018,8/30/2018,EG,,,,,,,,,,,,,,,,,,,,,,1,
MOHK,SUMMER,417,8/15/2018,9/7/2018,EG,,,,,,,,,,,,,,,,,,,,,,1,
MOHK,SUMMER,418,8/15/2018,9/7/2018,EG,,,,,,,,,,,Present,,,,,,,,,,,,
MOHK,SUMMER,419,8/15/2018,9/7/2018,EG,,,,,,,,,,,,,,,,,,,,,,1,
MOHK,SUMMER,420,8/15/2018,9/7/2018,EG,,,,,,,,,,,,,,,,,,,,,,1,
MOHK,SUMMER,421,8/15/2018,9/7/2018,EG,,,,,,,,,,,,,,,,,,,,,,1,
AQUE,SUMMER,422,8/16/2018,8/29/2018,EG,,,,,,,,,,,,,,,,,,,1,,Worms?,,
AQUE,SUMMER,423,8/16/2018,8/30/2018,EG,,,,,,,,,,,,,,,,,,Present,,,,,
AQUE,SUMMER,424,8/16/2018,8/30/2018,EG,,,,,,,,,,,,,,,,,,,,,,1,
AQUE,SUMMER,425,8/16/2018,9/7/2018,EG,,,,,,,,,,,,,,,,,,,,,,1,
AQUE,SUMMER,426,8/16/2018,9/7/2018,EG,,,,,,,,,,,,,,,,,,,,,,1,
AQUE,SUMMER,427,8/16/2018,8/30/2018,EG,,,,,,,,,2,,,,,,,,,Present,,,,,
AQUE,SUMMER,428,8/16/2018,9/7/2018,EG,1,,,,,,5,,,,,,,,,,,Present,,,Mysid tissue,,
AQUE,SUMMER,429,8/16/2018,9/7/2018,EG,,,,,,,,,,,,,,,,,,,,,,1,
AQUE,SUMMER,430,8/16/2018,9/7/2018,EG,,,,,,,,,,,Present,,,,,,,,,,,,
AQUE,SUMMER,431,8/16/2018,9/7/2018,EG,,,,,,,,,,,,,,,,,,,,,,1,
AQUE,SUMMER,432,8/16/2018,9/7/2018,EG,,,,,,,,,,,,,,,,,,,,,,1,
AQUE,SUMMER,433,8/16/2018,9/7/2018,EG,,,,,,,,,,,Present,,,,,,,,,,,,
AQUE,SUMMER,434,8/16/2018,9/7/2018,EG,1,,,,,,2,,,,,,,,,,,Present,,,Mysid tissue,,
AQUE,SUMMER,435,8/16/2018,9/7/2018,EG,,,,,,,,,,,,,,,,,,Present,,,,,
AQUE,SUMMER,436,8/16/2018,9/7/2018,RC,,,,,,,,,,,,,,,,,,,,,,1,
AQUE,SUMMER,437,8/16/2018,9/7/2018,RC,,,,,,,,,,,,1,,,,,,,,,,,
AQUE,SUMMER,438,8/16/2018,9/7/2018,RC,,,,,,,,,,,,1,,,,,,,,,"Contents from intestines, no stomach found",,
AQUE,SUMMER,439,8/16/2018,9/7/2018,EG,,,,,,,,,,,,,,,,,,,,,,1,
AQUE,SUMMER,441,8/16/2018,9/7/2018,EG,,,,,,,15,,,,,,,,,,,,,,,,
AQUE,SUMMER,442,8/16/2018,9/7/2018,RC,,,,,,,,,,,,1,,,,Present,,,,,,,
NAPL,SUMMER,444,9/6/2018,9/14/2018,EG,,,,,1,,,,,,,,,,,,,,,,Crustacea tissue,,
NAPL,SUMMER,444,9/6/2018,9/14/2018,EG,,,,,1,,,,,,,,,,,,,,,,Crustacea tissue,,
NAPL,SUMMER,445,9/6/2018,9/14/2018,EG,,,,,,,,,,,,,,,,,1,,,,,,
NAPL,SUMMER,446,9/6/2018,9/14/2018,EG,,,,,,,,,,,,,,,,,,,,,,1,
NAPL,SUMMER,447,9/6/2018,9/14/2018,EG,,,1,,,,,,,,,,,,,,,Present,1,,Tissue = cephalopod?,,
NAPL,SUMMER,448,9/6/2018,9/14/2018,EG,,,,,,,,,,,,,,,,,,,,,,1,
NAPL,SUMMER,449,9/6/2018,9/14/2018,EG,,,,,,,,,,,,,,,,,,,,,,1,
NAPL,SUMMER,450,9/6/2018,9/14/2018,EG,,,,,,,,,,,,,,,,,,,,,,1,
NAPL,SUMMER,451,9/6/2018,9/14/2018,EG,,,,,,1,,,,,,,,,,,,,,,,,
NAPL,SUMMER,452,9/6/2018,9/14/2018,EG,,,,,,,,,,1,,,,,,,,,,,,,
NAPL,SUMMER,453,9/6/2018,9/14/2018,EG,,,,,,,,,,,,,,,,,,,,,,1,
NAPL,SUMMER,454,9/6/2018,9/14/2018,EG,,,,,,,,,,,,,,,,,,,,,,1,
NAPL,SUMMER,455,9/6/2018,9/14/2018,EG,,,,,,,,,,,Present,,,,,,,,,,,,
NAPL,SUMMER,456,9/6/2018,9/14/2018,EG,,,,,,,,,,,,,,,,,,,,,,1,
NAPL,SUMMER,457,9/6/2018,9/14/2018,EG,,,,,,,,,,,Present,1,,,,,,,,,,,
NAPL,SUMMER,458,9/6/2018,9/14/2018,EG,,,,,,,,,,,Present,1,,,,,,,,,,,
MOHK,SUMMER,459,9/7/2018,9/28/2018,EG,,,,,,,,,,,Present,,,,,,,,,,,,
MOHK,SUMMER,460,9/7/2018,9/28/2018,EG,,,,,,,,,,,Present,,,,,,,,,,,,
MOHK,SUMMER,461,9/7/2018,9/28/2018,EG,,,,,,,,,,,,,,,,,,,2,,,,
MOHK,SUMMER,462,9/7/2018,9/28/2018,EG,,,,,,,1,,1,,,,1,,,,,,1,,,,
MOHK,SUMMER,463,9/7/2018,9/28/2018,EG,,,,,,,,,,,,,,,,,,,,,,1,
MOHK,SUMMER,464,9/7/2018,9/28/2018,EG,2,,,,,,4,,,,,,,,,,,Present,1,,,,
IVEE,SUMMER,466,9/24/2018,9/28/2018,EG,,,,,,,,,,,,,,,,,,,,,,1,
IVEE,SUMMER,471,9/24/2018,9/28/2018,EG,,,,,,,,,,,,,,,,,,,,,,1,
MOHK,FALL,476,10/4/2018,10/18/2018,RC,,,,,,,,,,,,,,,,,,Present,,,,,
MOHK,FALL,477,10/4/2018,10/18/2018,RC,,,,,,,,,,,Present,,,,,,,,,,,,
MOHK,FALL,478,10/4/2018,10/18/2018,RC,,,,,,,,,,,Present,,,,,,,,,,,,
MOHK,FALL,480,10/4/2018,10/18/2018,RC,,,,,,,,,,,Present,,,,,,,,,,,,
MOHK,FALL,481,10/4/2018,10/18/2018,RC,,,,,,,,,,,Present,,,,,Present,,,,,,,
MOHK,FALL,482,10/4/2018,10/18/2018,RC,,,,,,,,,,,Present,,,,,,,,,,,,
MOHK,FALL,483,10/4/2018,10/18/2018,RC,,,,,,,,,,,Present,,,,,,,,,,,,
MOHK,FALL,484,10/4/2018,10/18/2018,RC,,,,,,,,,,,Present,,,,,,,,,,,,
MOHK,FALL,485,10/4/2018,10/18/2018,RC,,,,,,,,,,,,,,,,,,,1,,UK=bivalve?,,
MOHK,FALL,486,10/4/2018,10/18/2018,RC,,,,,,,,,,,Present,,,,,,,,,"Small gastropod shell, species?",,,
MOHK,FALL,487,10/4/2018,10/18/2018,RC,,,,,,,,,,,Present,,,,,,,,,,,,
MOHK,FALL,489,10/4/2018,10/25/2018,RC,,,,,,,,,,,,,,,,,,,,,,,
MOHK,FALL,490,10/4/2018,10/25/2018,RC,,,,,,,,,,,Present,,,1,,,,,,,,,
AQUE,FALL,491,10/5/2018,11/29/2018,RC,,,,,,,1,,,,,,,,,,,Present,,,,,
AQUE,FALL,492,10/5/2018,10/25/2018,RC,,,,,,,,,,,,,,,,,,,,,,1,
AQUE,FALL,493,10/5/2018,10/25/2018,RC,,,,,,,,,,,,,,,,Present,,Present,1,Foot w/ operculum?,,,
AQUE,FALL,494,10/5/2018,10/25/2018,RC,,,,,,,,,,,,,,,,,,,,,,1,
AQUE,FALL,495,10/5/2018,10/25/2018,RC,,,,,,,,,,,Present,,,,,,,,,,,,
AQUE,FALL,496,10/5/2018,11/29/2018,RC,,,,,,,,,,,Present,,,,,,,Present,,Small gastropod,,,
AQUE,FALL,498,10/5/2018,10/25/2018,RC,,,,,,,,,,,,,,,,,,Present,,,,,
AQUE,FALL,500,10/5/2018,10/25/2018,RC,2,,,,,,,,,,,,,,,,,,,,,1,
AQUE,FALL,501,10/5/2018,10/25/2018,RC,,,,,,,,,,,Present,,,,,Present,,,,"14 small gastropods, 16 small bivalves",,,
IVEE,FALL,507,10/11/2018,11/29/2018,RC,,,,,,,,,,,,,,,,Present,,Present,,"16 small gastropods, eggs?",,,
IVEE,FALL,508,10/11/2018,11/29/2018,RC,,,,,,,,,,,Present,,,,,,,,,,,,
IVEE,FALL,509,10/11/2018,11/29/2018,RC,,,,,,,,,,,Present,,,,,,,,,,,,
IVEE,FALL,511,10/11/2018,11/8/2018,RC,,,,,1,,,,,,,,,,,,,,,brittle star or purple urchin?,purple spikes and some possible star limbs,,
IVEE,FALL,512,10/11/2018,11/29/2018,RC,,,,,,,,,,,,,,,,,,,,,,,
IVEE,FALL,513,10/11/2018,11/29/2018,RC,,,,,,,,,,,,,,,,,,,,,,1,
IVEE,FALL,518,10/11/2018,11/29/2018,RC,,,,,,,,,,,,,,,,,,,,,,1,
IVEE,FALL,519,10/11/2018,11/1/2018,RC,,,,,,,,,,,,,,,,,,,,,,1,
IVEE,FALL,520,10/11/2018,11/29/2018,RC,,,,,,,,,,,,,,,,,,,,,,1,
IVEE,FALL,521,10/11/2018,11/1/2018,RC,,,,,,,,,,,,,,,,,,,,,,1,
IVEE,FALL,522,10/11/2018,11/23/2018,EG,,,,,,,,,,,,,,,,,,,,,,1,
IVEE,FALL,523,10/11/2018,11/23/2018,EG,,,,,,,,,,,,,,,,,,,,,,1,
IVEE,FALL,524,10/11/2018,11/23/2018,EG,,,,,,,,1,,,,,,,,,,Present,1,,,,
IVEE,FALL,526,10/11/2018,11/23/2018,EG,,,,,,,,,,,,,,,,,,Present,1,,,,
NAPL,FALL,527,10/11/2018,12/17/2018,EG,,,,,,,,,,,,,,,,,1,,,,,,
NAPL,FALL,528,10/11/2018,11/29/2018,RC,,,,,,,,,,,,,,,,,,Present,,Bone or cartilage piece?,,,
NAPL,FALL,529,10/11/2018,12/17/2018,EG,,,,,,,,,,,Present,,,,,,,Present,,brittle star fragments,,,
NAPL,FALL,530,10/11/2018,12/17/2018,EG,,,,,,,,,,,,,,,,,,Present,,,,,
NAPL,FALL,531,10/11/2018,12/17/2018,EG,,,,,,,,,,,,,,,,,,,,brittle stars,,,
NAPL,FALL,532,10/11/2018,12/17/2018,EG,,,,,,,,,,,,,,,,,,,,brittle stars,,,
IVEE,FALL,535,10/11/2018,11/1/2018,RC,,,,,,1,,,,,,,,,,,,,,,Cancer sp.,,
NAPL,FALL,536,10/11/2018,12/17/2018,EG,,,,,,,,,,,,,,,,,,,,,,1,
NAPL,FALL,539,10/11/2018,11/8/2018,RC,,,,,,,,,,,,,,,,,,,,,,1,
NAPL,FALL,541,10/11/2018,11/23/2018,EG,12,,,,,,,2,8,,,,2,,,,,,,,,,
NAPL,FALL,542,10/11/2018,11/1/2018,RC,,,,,,1,,,,,,,1,,1,,,Present,,,"Cancer sp., worm=UNK annelid",,
NAPL,FALL,545,10/11/2018,11/29/2018,RC,,,,,,,,,,,,,,,,,,,,3 gastropods,,,
NAPL,FALL,546,10/11/2018,11/8/2018,RC,,1,,,,,,,,,,,,,,,,Present,,,,,
AQUE,FALL,556,10/23/2018,11/1/2018,RC,,,,,,,,,,,,,,,,,,,,,,1,
AQUE,FALL,558,10/23/2018,11/1/2018,RC,,,,,1,,,,,,,,,,,,,,,,,,
AQUE,FALL,560,10/23/2018,11/29/2018,RC,,,,,,,,,,,,Present,,,,,,,,,,,
AQUE,FALL,561,10/23/2018,11/8/2018,RC,,,,,,,3,,,,,,,,,,,,,,,,
AQUE,FALL,563,10/23/2018,11/8/2018,RC,,,,,,,,,,,,,,,,,,,,,,1,
AQUE,FALL,565,10/23/2018,11/8/2018,RC,,,,,,,,,,,Present,Present,,,,,,Present,,,Br=filicrisia sp.,,
MOHK,FALL,566,10/29/2018,12/17/2018,EG,,,,,,,,,,,Present,Present,,,,,,,,,Pherusella brevituba on Cystoseira and other algae,,
MOHK,FALL,569,10/29/2018,12/17/2018,EG,,,,,,,,,,,,,,,,,,,,annelid chaetae,,,
MOHK,FALL,574,10/29/2018,11/29/2018,RC,1,,,,,,,,,,,Present,,,,,,Present,,,,,
MOHK,FALL,575,10/29/2018,11/29/2018,RC,,,,,,,,,,,,,,,,,,,,,,,
MOHK,FALL,576,10/29/2018,11/29/2018,RC,,,,,,,,,,,,,,,,,,Present,,,,,
MOHK,FALL,577,10/29/2018,12/17/2018,EG,,,,,,,,,,,,,,,,,,,,,,1,
